ERRORS,id,name,profile_id,active,version
Could not find Org__c with the ExternalId__c of '32'.,3,"""hangouts""",32,TRUE,41
Could not find Org__c with the ExternalId__c of '32'.,24,"""Welcome""",32,TRUE,14
Could not find Org__c with the ExternalId__c of '70'.,34,"""water""",70,TRUE,13
Could not find Org__c with the ExternalId__c of '32'.,35,"""Pricing""",32,TRUE,9
Could not find Org__c with the ExternalId__c of '70'.,41,"""wells""",70,TRUE,19
Could not find Org__c with the ExternalId__c of '70'.,42,"""well""",70,TRUE,1
Could not find Org__c with the ExternalId__c of '70'.,43,"""news_3_2014_water""",70,TRUE,1
Could not find Org__c with the ExternalId__c of '79'.,47,"""wells""",79,TRUE,1
Could not find Org__c with the ExternalId__c of '82'.,49,"""Perfil de Clientes""",82,TRUE,1
Could not find Org__c with the ExternalId__c of '83'.,50,"""sf""",83,TRUE,5
Could not find Org__c with the ExternalId__c of '83'.,51,"""test""",83,TRUE,10
Could not find Org__c with the ExternalId__c of '83'.,52,"""test1""",83,TRUE,1
Could not find Org__c with the ExternalId__c of '83'.,53,"""test2""",83,TRUE,1
Could not find Org__c with the ExternalId__c of '83'.,54,"""test3""",83,TRUE,2
Could not find Org__c with the ExternalId__c of '83'.,55,"""jose""",83,TRUE,6
Could not find Org__c with the ExternalId__c of '82'.,56,"""PerfilesClientes""",82,TRUE,1
Could not find Org__c with the ExternalId__c of '84'.,57,"""test""",84,TRUE,1
Could not find Org__c with the ExternalId__c of '84'.,58,"""test2""",84,TRUE,3
Could not find Org__c with the ExternalId__c of '84'.,59,"""test3""",84,TRUE,1
Could not find Org__c with the ExternalId__c of '83'.,60,"""test4""",83,TRUE,1
Could not find Org__c with the ExternalId__c of '84'.,61,"""test5""",84,TRUE,1
Could not find Org__c with the ExternalId__c of '84'.,62,"""test6""",84,TRUE,1
Could not find Org__c with the ExternalId__c of '84'.,63,"""test7""",84,TRUE,1
Could not find Org__c with the ExternalId__c of '84'.,64,"""test8""",84,TRUE,2
Could not find Org__c with the ExternalId__c of '85'.,65,"""Welcome""",85,TRUE,1
Could not find Org__c with the ExternalId__c of '85'.,66,"""armovApp""",85,TRUE,1
Could not find Org__c with the ExternalId__c of '87'.,67,"""Perfiles""",87,TRUE,1
Could not find Org__c with the ExternalId__c of '88'.,68,"""accounts""",88,TRUE,5
Could not find Org__c with the ExternalId__c of '89'.,69,"""main""",89,TRUE,11
Could not find Org__c with the ExternalId__c of '89'.,70,"""salesforce""",89,TRUE,10
Could not find Org__c with the ExternalId__c of '89'.,71,"""salesforce_simple""",89,TRUE,2
Could not find Org__c with the ExternalId__c of '89'.,72,"""salesforce_crud""",89,TRUE,4
Could not find Org__c with the ExternalId__c of '89'.,73,"""helloworld""",89,TRUE,2
Could not find Org__c with the ExternalId__c of '96'.,74,"""armova2app""",96,TRUE,1
Could not find Org__c with the ExternalId__c of '97'.,75,"""armova3app""",97,TRUE,2
Could not find Org__c with the ExternalId__c of '98'.,76,"""salesforce_simple""",98,TRUE,1
Could not find Org__c with the ExternalId__c of '99'.,77,"""salesforce_simple""",99,TRUE,1
Could not find Org__c with the ExternalId__c of '89'.,78,"""salesforce_profile""",89,TRUE,1
Could not find Org__c with the ExternalId__c of '89'.,79,"""website""",89,TRUE,36
Could not find Org__c with the ExternalId__c of '100'.,80,"""discos""",100,TRUE,1
Could not find Org__c with the ExternalId__c of '102'.,81,"""site""",102,TRUE,5
Could not find Org__c with the ExternalId__c of '102'.,82,"""helloworld""",102,TRUE,1
Could not find Org__c with the ExternalId__c of '102'.,83,"""salesforce_simple""",102,TRUE,1
Could not find Org__c with the ExternalId__c of '102'.,84,"""salesforce_crud""",102,TRUE,1
Could not find Org__c with the ExternalId__c of '139'.,85,"""site""",139,TRUE,1
Could not find Org__c with the ExternalId__c of '141'.,86,"""site""",141,TRUE,1
Could not find Org__c with the ExternalId__c of '142'.,87,"""site""",142,TRUE,1
Could not find Org__c with the ExternalId__c of '143'.,88,"""site""",143,TRUE,1
Could not find Org__c with the ExternalId__c of '146'.,89,"""site""",146,TRUE,1
Could not find Org__c with the ExternalId__c of '147'.,90,"""site""",147,TRUE,1
Could not find Org__c with the ExternalId__c of '148'.,91,"""site""",148,TRUE,1
Could not find Org__c with the ExternalId__c of '149'.,92,"""site""",149,TRUE,2
Could not find Org__c with the ExternalId__c of '150'.,93,"""site""",150,TRUE,1
Could not find Org__c with the ExternalId__c of '151'.,94,"""site""",151,TRUE,1
Could not find Org__c with the ExternalId__c of '152'.,95,"""site""",152,TRUE,7
Could not find Org__c with the ExternalId__c of '152'.,96,"""site2""",152,TRUE,1
Could not find Org__c with the ExternalId__c of '153'.,97,"""site""",153,TRUE,1
Could not find Org__c with the ExternalId__c of '154'.,98,"""site""",154,TRUE,1
Could not find Org__c with the ExternalId__c of '155'.,99,"""site""",155,TRUE,1
Could not find Org__c with the ExternalId__c of '156'.,100,"""site""",156,TRUE,1
Could not find Org__c with the ExternalId__c of '157'.,101,"""site""",157,TRUE,1
Could not find Org__c with the ExternalId__c of '157'.,102,"""site3""",157,TRUE,6
Could not find Org__c with the ExternalId__c of '158'.,103,"""site""",158,TRUE,1
Could not find Org__c with the ExternalId__c of '158'.,104,"""site2""",158,TRUE,2
Could not find Org__c with the ExternalId__c of '159'.,105,"""site""",159,TRUE,1
Could not find Org__c with the ExternalId__c of '159'.,106,"""site2""",159,TRUE,1
Could not find Org__c with the ExternalId__c of '160'.,108,"""site""",160,TRUE,1
Could not find Org__c with the ExternalId__c of '160'.,109,"""site2""",160,TRUE,1
Could not find Org__c with the ExternalId__c of '32'.,110,"""features""",32,TRUE,5
Could not find Org__c with the ExternalId__c of '162'.,111,"""site""",162,TRUE,1
Could not find Org__c with the ExternalId__c of '163'.,112,"""site""",163,TRUE,7
Could not find Org__c with the ExternalId__c of '163'.,113,"""waittimes""",163,TRUE,62
Could not find Org__c with the ExternalId__c of '97'.,114,"""armovapp3""",97,TRUE,2
Could not find Org__c with the ExternalId__c of '97'.,115,"""salesforce_simple""",97,TRUE,1
Could not find Org__c with the ExternalId__c of '166'.,116,"""site""",166,TRUE,1
Could not find Org__c with the ExternalId__c of '82'.,117,"""clientes""",82,TRUE,1
Could not find Org__c with the ExternalId__c of '82'.,118,"""cleintes2""",82,TRUE,1
Could not find Org__c with the ExternalId__c of '167'.,119,"""site""",167,TRUE,1
Could not find Org__c with the ExternalId__c of '167'.,120,"""salesforce_crud""",167,TRUE,1
Could not find Org__c with the ExternalId__c of '170'.,121,"""site""",170,TRUE,1
Could not find Org__c with the ExternalId__c of '171'.,122,"""site""",171,TRUE,1
Could not find Org__c with the ExternalId__c of '171'.,123,"""app1""",171,TRUE,2
Could not find Org__c with the ExternalId__c of '170'.,124,"""app1""",170,TRUE,1
Could not find Org__c with the ExternalId__c of '172'.,125,"""site""",172,TRUE,1
Could not find Org__c with the ExternalId__c of '171'.,126,"""salesforce_simple""",171,TRUE,1
Could not find Org__c with the ExternalId__c of '87'.,127,"""parsesimple""",87,TRUE,1
Could not find Org__c with the ExternalId__c of '166'.,128,"""site2""",166,TRUE,1
Could not find Org__c with the ExternalId__c of '166'.,129,"""zesite""",166,TRUE,1
Could not find Org__c with the ExternalId__c of '171'.,130,"""app10""",171,TRUE,1
Could not find Org__c with the ExternalId__c of '176'.,131,"""site""",176,TRUE,1
Could not find Org__c with the ExternalId__c of '180'.,132,"""site""",180,TRUE,1
Could not find Org__c with the ExternalId__c of '181'.,133,"""site""",181,TRUE,1
Could not find Org__c with the ExternalId__c of '182'.,134,"""site""",182,TRUE,1
Could not find Org__c with the ExternalId__c of '188'.,135,"""site""",188,TRUE,1
Could not find Org__c with the ExternalId__c of '188'.,136,"""test""",188,TRUE,1
Could not find Org__c with the ExternalId__c of '190'.,137,"""site""",190,TRUE,3
Could not find Org__c with the ExternalId__c of '190'.,138,"""play""",190,TRUE,1
Could not find Org__c with the ExternalId__c of '191'.,139,"""site""",191,TRUE,1
Could not find Org__c with the ExternalId__c of '192'.,140,"""site""",192,TRUE,1
Could not find Org__c with the ExternalId__c of '192'.,141,"""salesforce_crud""",192,TRUE,4
Could not find Org__c with the ExternalId__c of '32'.,142,"""salesforce""",32,TRUE,9
Could not find Org__c with the ExternalId__c of '89'.,143,"""salesforce_multi""",89,TRUE,5
Could not find Org__c with the ExternalId__c of '195'.,144,"""site""",195,TRUE,1
Could not find Org__c with the ExternalId__c of '195'.,145,"""app3""",195,TRUE,2
Could not find Org__c with the ExternalId__c of '195'.,146,"""salesforce_crud""",195,TRUE,4
Could not find Org__c with the ExternalId__c of '196'.,147,"""site""",196,TRUE,1
Could not find Org__c with the ExternalId__c of '197'.,148,"""site""",197,TRUE,1
Could not find Org__c with the ExternalId__c of '204'.,149,"""site""",204,TRUE,1
Could not find Org__c with the ExternalId__c of '206'.,150,"""site""",206,TRUE,1
Could not find Org__c with the ExternalId__c of '206'.,151,"""salesforce_crud""",206,TRUE,2
Could not find Org__c with the ExternalId__c of '195'.,152,"""app3-2""",195,TRUE,1
Could not find Org__c with the ExternalId__c of '195'.,153,"""multiplatform""",195,TRUE,5
Could not find Org__c with the ExternalId__c of '195'.,154,"""featuresnew""",195,TRUE,1
Could not find Org__c with the ExternalId__c of '32'.,155,"""multiplatform""",32,TRUE,5
Could not find Org__c with the ExternalId__c of '89'.,156,"""salesforce_mobile""",89,TRUE,1
Could not find Org__c with the ExternalId__c of '207'.,157,"""site""",207,TRUE,1
Could not find Org__c with the ExternalId__c of '208'.,158,"""site""",208,TRUE,1
Could not find Org__c with the ExternalId__c of '208'.,159,"""salesforce_crud""",208,TRUE,4
Could not find Org__c with the ExternalId__c of '70'.,160,"""miami""",70,TRUE,6
Could not find Org__c with the ExternalId__c of '209'.,161,"""tester""",209,TRUE,1
Could not find Org__c with the ExternalId__c of '210'.,162,"""site""",210,TRUE,1
Could not find Org__c with the ExternalId__c of '89'.,163,"""miami""",89,TRUE,2
Could not find Org__c with the ExternalId__c of '211'.,164,"""site""",211,TRUE,1
Could not find Org__c with the ExternalId__c of '211'.,165,"""miami""",211,TRUE,1
Could not find Org__c with the ExternalId__c of '212'.,166,"""site""",212,TRUE,1
Could not find Org__c with the ExternalId__c of '213'.,167,"""site""",213,TRUE,1
Could not find Org__c with the ExternalId__c of '213'.,168,"""miami""",213,TRUE,1
Could not find Org__c with the ExternalId__c of '32'.,170,"""gomiami""",32,TRUE,5
Could not find Org__c with the ExternalId__c of '214'.,171,"""site""",214,TRUE,1
Could not find Org__c with the ExternalId__c of '214'.,172,"""miami""",214,TRUE,1
Could not find Org__c with the ExternalId__c of '89'.,173,"""multiplatform""",89,TRUE,1
Could not find Org__c with the ExternalId__c of '215'.,174,"""site""",215,TRUE,1
Could not find Org__c with the ExternalId__c of '215'.,175,"""route""",215,TRUE,1
Could not find Org__c with the ExternalId__c of '215'.,176,"""teresa""",215,TRUE,4
Could not find Org__c with the ExternalId__c of '215'.,177,"""adonde""",215,TRUE,7
Could not find Org__c with the ExternalId__c of '215'.,178,"""como""",215,TRUE,2
Could not find Org__c with the ExternalId__c of '215'.,179,"""miami""",215,TRUE,4
Could not find Org__c with the ExternalId__c of '215'.,180,"""narrative""",215,TRUE,15
Could not find Org__c with the ExternalId__c of '215'.,181,"""investigacion""",215,TRUE,3
Could not find Org__c with the ExternalId__c of '215'.,182,"""consecuencias""",215,TRUE,2
Could not find Org__c with the ExternalId__c of '217'.,183,"""site""",217,TRUE,1
Could not find Org__c with the ExternalId__c of '32'.,184,"""assets""",32,TRUE,1
Could not find Org__c with the ExternalId__c of '32'.,185,"""library""",32,TRUE,2
Could not find Org__c with the ExternalId__c of '190'.,186,"""angular""",190,TRUE,28
Could not find Org__c with the ExternalId__c of '217'.,187,"""angular""",217,TRUE,5
Could not find Org__c with the ExternalId__c of '217'.,188,"""angularapp""",217,TRUE,1
Could not find Org__c with the ExternalId__c of '218'.,189,"""site""",218,TRUE,1
Could not find Org__c with the ExternalId__c of '218'.,190,"""rodriguezartav""",218,TRUE,1
Could not find Org__c with the ExternalId__c of '218'.,191,"""chicas_poderosas""",218,TRUE,1
Could not find Org__c with the ExternalId__c of '220'.,192,"""site""",220,TRUE,1
Could not find Org__c with the ExternalId__c of '220'.,193,"""angular""",220,TRUE,1
Could not find Org__c with the ExternalId__c of '220'.,194,"""teste""",220,TRUE,9
Could not find Org__c with the ExternalId__c of '89'.,195,"""angular_static""",89,TRUE,2
Could not find Org__c with the ExternalId__c of '32'.,196,"""testmoya""",32,TRUE,2
Could not find Org__c with the ExternalId__c of '197'.,197,"""angex""",197,TRUE,1
Could not find Org__c with the ExternalId__c of '32'.,198,"""angular_static""",32,TRUE,1
Could not find Org__c with the ExternalId__c of '190'.,199,"""flarens""",190,TRUE,6
Could not find Org__c with the ExternalId__c of '190'.,200,"""angular_static""",190,TRUE,4
Could not find Org__c with the ExternalId__c of '190'.,201,"""modafoka""",190,TRUE,1
Could not find Org__c with the ExternalId__c of '221'.,202,"""site""",221,TRUE,1
Could not find Org__c with the ExternalId__c of '197'.,204,"""angular_static""",197,TRUE,1
Could not find Org__c with the ExternalId__c of '190'.,205,"""smarens""",190,TRUE,1
Could not find Org__c with the ExternalId__c of '32'.,206,"""blog""",32,TRUE,9
Could not find Org__c with the ExternalId__c of '190'.,207,"""salesforce_crud""",190,TRUE,4
Could not find Org__c with the ExternalId__c of '190'.,208,"""4salesforce""",190,TRUE,3
Could not find Org__c with the ExternalId__c of '190'.,209,"""forsalesforce""",190,TRUE,3
Could not find Org__c with the ExternalId__c of '220'.,210,"""salesforce_crud""",220,TRUE,10
Could not find Org__c with the ExternalId__c of '190'.,211,"""test""",190,TRUE,3
Could not find Org__c with the ExternalId__c of '190'.,212,"""test_multi""",190,TRUE,1
Could not find Org__c with the ExternalId__c of '221'.,213,"""itodo""",221,TRUE,1
Could not find Org__c with the ExternalId__c of '190'.,214,"""gstart""",190,TRUE,40
Could not find Org__c with the ExternalId__c of '190'.,215,"""gstart_mobile""",190,TRUE,1
Could not find Org__c with the ExternalId__c of '222'.,216,"""site""",222,TRUE,1
Could not find Org__c with the ExternalId__c of '222'.,217,"""aa""",222,TRUE,1
Could not find Org__c with the ExternalId__c of '225'.,218,"""site""",225,TRUE,1
Could not find Org__c with the ExternalId__c of '225'.,219,"""salesforce_crud""",225,TRUE,2
Could not find Org__c with the ExternalId__c of '226'.,220,"""site""",226,TRUE,1
Could not find Org__c with the ExternalId__c of '226'.,221,"""myfirstapp""",226,TRUE,1
Could not find Org__c with the ExternalId__c of '221'.,222,"""itodo1""",221,TRUE,1
Could not find Org__c with the ExternalId__c of '190'.,223,"""maisuma""",190,TRUE,4
Could not find Org__c with the ExternalId__c of '32'.,224,"""clayhome""",32,TRUE,1
Could not find Org__c with the ExternalId__c of '228'.,225,"""welcome""",228,TRUE,1
Could not find Org__c with the ExternalId__c of '32'.,226,"""clay""",32,TRUE,31
Could not find Org__c with the ExternalId__c of '229'.,227,"""site""",229,TRUE,1
Could not find Org__c with the ExternalId__c of '229'.,228,"""salesforce_crud""",229,TRUE,4
Could not find Org__c with the ExternalId__c of '229'.,229,"""myapp""",229,TRUE,4
Could not find Org__c with the ExternalId__c of '82'.,230,"""mascercadelcliente""",82,TRUE,5
Could not find Org__c with the ExternalId__c of '190'.,231,"""angular_integrate""",190,TRUE,2
Could not find Org__c with the ExternalId__c of '230'.,232,"""site""",230,TRUE,1
Could not find Org__c with the ExternalId__c of '32'.,233,"""silicon""",32,TRUE,7
Could not find Org__c with the ExternalId__c of '230'.,234,"""tutorial""",230,TRUE,4
Could not find Org__c with the ExternalId__c of '231'.,235,"""site""",231,TRUE,1
Could not find Org__c with the ExternalId__c of '231'.,236,"""test1""",231,TRUE,1
Could not find Org__c with the ExternalId__c of '231'.,237,"""test2""",231,TRUE,1
Could not find Org__c with the ExternalId__c of '231'.,238,"""test5""",231,TRUE,1
Could not find Org__c with the ExternalId__c of '231'.,239,"""test6""",231,TRUE,1
Could not find Org__c with the ExternalId__c of '163'.,240,"""gardens""",163,TRUE,72
Could not find Org__c with the ExternalId__c of '82'.,241,"""proformasespeciales""",82,TRUE,1
Could not find Org__c with the ExternalId__c of '190'.,242,"""first""",190,TRUE,2
Could not find Org__c with the ExternalId__c of '222'.,243,"""teste""",222,TRUE,5
Could not find Org__c with the ExternalId__c of '222'.,244,"""first""",222,TRUE,3
Could not find Org__c with the ExternalId__c of '222'.,245,"""firstapp""",222,TRUE,2
Could not find Org__c with the ExternalId__c of '222'.,246,"""myfirstapp""",222,TRUE,5
Could not find Org__c with the ExternalId__c of '32'.,247,"""gstart""",32,TRUE,16
Could not find Org__c with the ExternalId__c of '222'.,248,"""salesforce_crud""",222,TRUE,12
Could not find Org__c with the ExternalId__c of '32'.,249,"""landing""",32,TRUE,23
Could not find Org__c with the ExternalId__c of '232'.,250,"""site""",232,TRUE,1
Could not find Org__c with the ExternalId__c of '232'.,251,"""salesforce_crud""",232,TRUE,3
Could not find Org__c with the ExternalId__c of '89'.,252,"""clay_single_platform""",89,TRUE,16
Could not find Org__c with the ExternalId__c of '89'.,253,"""clay_multi_platform""",89,TRUE,3
Could not find Org__c with the ExternalId__c of '89'.,254,"""clay_simple""",89,TRUE,3
Could not find Org__c with the ExternalId__c of '89'.,255,"""clay_simple_2""",89,TRUE,1
Could not find Org__c with the ExternalId__c of '233'.,256,"""app1""",233,TRUE,1
Could not find Org__c with the ExternalId__c of '233'.,257,"""app2""",233,TRUE,1
Could not find Org__c with the ExternalId__c of '234'.,258,"""app1""",234,TRUE,1
Could not find Org__c with the ExternalId__c of '235'.,259,"""single_platform""",235,TRUE,2
Could not find Org__c with the ExternalId__c of '236'.,260,"""single_platform""",236,TRUE,1
Could not find Org__c with the ExternalId__c of '89'.,261,"""multi_platform""",89,TRUE,3
Could not find Org__c with the ExternalId__c of '32'.,262,"""post_how_fusion_gardens""",32,TRUE,27
Could not find Org__c with the ExternalId__c of '32'.,263,"""temp""",32,TRUE,1
Could not find Org__c with the ExternalId__c of '32'.,264,"""temp2""",32,TRUE,3
Could not find Org__c with the ExternalId__c of '32'.,265,"""temp3""",32,TRUE,1
Could not find Org__c with the ExternalId__c of '222'.,266,"""righttest""",222,TRUE,3
Could not find Org__c with the ExternalId__c of '232'.,267,"""simple""",232,TRUE,3
Could not find Org__c with the ExternalId__c of '240'.,268,"""opp_creator""",240,TRUE,3
Could not find Org__c with the ExternalId__c of '32'.,269,"""vivaelmenu""",32,TRUE,15
Could not find Org__c with the ExternalId__c of '247'.,270,"""tar""",247,TRUE,1
Could not find Org__c with the ExternalId__c of '247'.,271,"""clay""",247,TRUE,2
Could not find Org__c with the ExternalId__c of '248'.,272,"""tar""",248,TRUE,5
Could not find Org__c with the ExternalId__c of '249'.,273,"""ace""",249,TRUE,1
Could not find Org__c with the ExternalId__c of '249'.,274,"""gstart""",249,TRUE,8
Could not find Org__c with the ExternalId__c of '222'.,275,"""new""",222,TRUE,2
Could not find Org__c with the ExternalId__c of '249'.,276,"""test1""",249,TRUE,2
Could not find Org__c with the ExternalId__c of '190'.,277,"""teste""",190,TRUE,1
Could not find Org__c with the ExternalId__c of '250'.,278,"""clay""",250,TRUE,1
Could not find Org__c with the ExternalId__c of '251'.,279,"""clay""",251,TRUE,1
Could not find Org__c with the ExternalId__c of '222'.,280,"""test1""",222,TRUE,3
Could not find Org__c with the ExternalId__c of '252'.,281,"""landing""",252,TRUE,2
Could not find Org__c with the ExternalId__c of '248'.,282,"""clay_multi_platform""",248,TRUE,1
Could not find Org__c with the ExternalId__c of '222'.,283,"""simple""",222,TRUE,1
Could not find Org__c with the ExternalId__c of '240'.,284,"""salesforce_crud""",240,TRUE,1
Could not find Org__c with the ExternalId__c of '252'.,285,"""testing1""",252,TRUE,1
Could not find Org__c with the ExternalId__c of '240'.,286,"""clay_multi_platform""",240,TRUE,1
Could not find Org__c with the ExternalId__c of '222'.,287,"""clay_multi_platform""",222,TRUE,2
Could not find Org__c with the ExternalId__c of '254'.,288,"""multi_platform""",254,TRUE,1
Could not find Org__c with the ExternalId__c of '254'.,289,"""test3""",254,TRUE,1
Could not find Org__c with the ExternalId__c of '222'.,290,"""app""",222,TRUE,1
Could not find Org__c with the ExternalId__c of '254'.,291,"""gstart""",254,TRUE,1
Could not find Org__c with the ExternalId__c of '163'.,292,"""slaves""",163,TRUE,52
Could not find Org__c with the ExternalId__c of '190'.,293,"""app""",190,TRUE,2
Could not find Org__c with the ExternalId__c of '253'.,294,"""clay_first_app""",253,TRUE,1
Could not find Org__c with the ExternalId__c of '32'.,295,"""test21""",32,TRUE,2
Could not find Org__c with the ExternalId__c of '190'.,296,"""new""",190,TRUE,6
Could not find Org__c with the ExternalId__c of '226'.,297,"""gstart""",226,TRUE,2
Could not find Org__c with the ExternalId__c of '259'.,298,"""store""",259,TRUE,3
Could not find Org__c with the ExternalId__c of '254'.,299,"""vivaelmenu""",254,TRUE,2
Could not find Org__c with the ExternalId__c of '254'.,300,"""wintest""",254,TRUE,1
Could not find Org__c with the ExternalId__c of '32'.,301,"""post""",32,TRUE,6
Could not find Org__c with the ExternalId__c of '240'.,302,"""accounts""",240,TRUE,1
Could not find Org__c with the ExternalId__c of '82'.,303,"""calls""",82,TRUE,55
Could not find Org__c with the ExternalId__c of '218'.,304,"""home""",218,TRUE,8
Could not find Org__c with the ExternalId__c of '218'.,305,"""a3-erp""",218,TRUE,22
Could not find Org__c with the ExternalId__c of '218'.,306,"""ze-first""",218,TRUE,1
Could not find Org__c with the ExternalId__c of '252'.,307,"""myblog""",252,TRUE,1
Could not find Org__c with the ExternalId__c of '257'.,308,"""leads""",257,TRUE,10
Could not find Org__c with the ExternalId__c of '257'.,309,"""tomates""",257,TRUE,1
Could not find Org__c with the ExternalId__c of '262'.,310,"""pos""",262,TRUE,2
Could not find Org__c with the ExternalId__c of '218'.,311,"""a3-homedead""",218,TRUE,4
Could not find Org__c with the ExternalId__c of '263'.,312,"""mjk""",263,TRUE,2
Could not find Org__c with the ExternalId__c of '265'.,313,"""post1""",265,TRUE,2
Could not find Org__c with the ExternalId__c of '32'.,314,"""comparative""",32,TRUE,1
Could not find Org__c with the ExternalId__c of '32'.,315,"""longform1""",32,TRUE,4
Could not find Org__c with the ExternalId__c of '266'.,316,"""acc""",266,TRUE,13
Could not find Org__c with the ExternalId__c of '32'.,317,"""coresolution""",32,TRUE,19
Could not find Org__c with the ExternalId__c of '32'.,318,"""cranedocs""",32,TRUE,8
Could not find Org__c with the ExternalId__c of '190'.,319,"""lead""",190,TRUE,3
Could not find Org__c with the ExternalId__c of '222'.,320,"""lead_mobile""",222,TRUE,1
Could not find Org__c with the ExternalId__c of '32'.,321,"""crane""",32,TRUE,7
Could not find Org__c with the ExternalId__c of '222'.,322,"""crud""",222,TRUE,1
Could not find Org__c with the ExternalId__c of '274'.,323,"""ourlanding""",274,TRUE,1
Could not find Org__c with the ExternalId__c of '218'.,324,"""post_left_right""",218,TRUE,2
Could not find Org__c with the ExternalId__c of '218'.,325,"""screencast""",218,TRUE,3
Could not find Org__c with the ExternalId__c of '222'.,326,"""lead2""",222,TRUE,7
Could not find Org__c with the ExternalId__c of '276'.,327,"""ze-installation""",276,TRUE,3
Could not find Org__c with the ExternalId__c of '261'.,328,"""test""",261,TRUE,12
Could not find Org__c with the ExternalId__c of '261'.,329,"""test2""",261,TRUE,2
Could not find Org__c with the ExternalId__c of '32'.,330,"""landingmoya""",32,TRUE,1
Could not find Org__c with the ExternalId__c of '32'.,331,"""alonsoapp""",32,TRUE,1
Could not find Org__c with the ExternalId__c of '257'.,332,"""slide1""",257,TRUE,1
Could not find Org__c with the ExternalId__c of '257'.,333,"""slide2""",257,TRUE,1
Could not find Org__c with the ExternalId__c of '257'.,334,"""slide3""",257,TRUE,1
Could not find Org__c with the ExternalId__c of '257'.,335,"""slide4""",257,TRUE,1
Could not find Org__c with the ExternalId__c of '261'.,336,"""testa2""",261,TRUE,11
Could not find Org__c with the ExternalId__c of '283'.,337,"""test""",283,TRUE,2
Could not find Org__c with the ExternalId__c of '229'.,338,"""mylist""",229,TRUE,2
Could not find Org__c with the ExternalId__c of '32'.,339,"""homerodco""",32,TRUE,6
Could not find Org__c with the ExternalId__c of '229'.,340,"""demojquery""",229,TRUE,8
Could not find Org__c with the ExternalId__c of '284'.,341,"""homerodco""",284,TRUE,1
Could not find Org__c with the ExternalId__c of '284'.,342,"""todo""",284,TRUE,21
Could not find Org__c with the ExternalId__c of '82'.,343,"""homerodco""",82,TRUE,79
Could not find Org__c with the ExternalId__c of '284'.,344,"""dir""",284,TRUE,5
Could not find Org__c with the ExternalId__c of '284'.,345,"""todo_embed""",284,TRUE,14
Could not find Org__c with the ExternalId__c of '82'.,346,"""store""",82,TRUE,1
Could not find Org__c with the ExternalId__c of '32'.,347,"""register""",32,TRUE,2
Could not find Org__c with the ExternalId__c of '32'.,348,"""demojquery_andrea""",32,TRUE,1
Could not find Org__c with the ExternalId__c of '326'.,349,"""landing""",326,TRUE,1
Could not find Org__c with the ExternalId__c of '82'.,350,"""filter""",82,TRUE,3
Could not find Org__c with the ExternalId__c of '284'.,351,"""todo_multiplatform""",284,TRUE,8
Could not find Org__c with the ExternalId__c of '163'.,352,"""plunge""",163,TRUE,45
Could not find Org__c with the ExternalId__c of '328'.,353,"""post""",328,TRUE,15
Could not find Org__c with the ExternalId__c of '222'.,354,"""todo""",222,TRUE,31
Could not find Org__c with the ExternalId__c of '32'.,355,"""3votlanding""",32,TRUE,25
Could not find Org__c with the ExternalId__c of '163'.,356,"""post""",163,TRUE,4
Could not find Org__c with the ExternalId__c of '163'.,357,"""postjulio""",163,TRUE,2
Could not find Org__c with the ExternalId__c of '331'.,358,"""blank""",331,TRUE,4
Could not find Org__c with the ExternalId__c of '331'.,359,"""bootstrap""",331,TRUE,7
Could not find Org__c with the ExternalId__c of '82'.,360,"""bootstrap""",82,TRUE,16
Could not find Org__c with the ExternalId__c of '331'.,361,"""b12""",331,TRUE,6
Could not find Org__c with the ExternalId__c of '332'.,362,"""cuestionario""",332,TRUE,4
Could not find Org__c with the ExternalId__c of '229'.,363,"""course""",229,TRUE,12
Could not find Org__c with the ExternalId__c of '334'.,364,"""d5""",334,TRUE,2
Could not find Org__c with the ExternalId__c of '335'.,365,"""d8""",335,TRUE,2
Could not find Org__c with the ExternalId__c of '82'.,366,"""blank1""",82,TRUE,5
Could not find Org__c with the ExternalId__c of '222'.,367,"""page""",222,TRUE,2
Could not find Org__c with the ExternalId__c of '340'.,368,"""3votlanding""",340,TRUE,3
Could not find Org__c with the ExternalId__c of '222'.,369,"""remote_objects""",222,TRUE,3
Could not find Org__c with the ExternalId__c of '82'.,370,"""todo""",82,TRUE,1
Could not find Org__c with the ExternalId__c of '348'.,371,"""remote_objects""",348,TRUE,2
Could not find Org__c with the ExternalId__c of '82'.,372,"""debt""",82,TRUE,3
Could not find Org__c with the ExternalId__c of '163'.,373,"""debt""",163,TRUE,60
Could not find Org__c with the ExternalId__c of '284'.,374,"""todo_event""",284,TRUE,2
Could not find Org__c with the ExternalId__c of '229'.,375,"""demoparse""",229,TRUE,3
Could not find Org__c with the ExternalId__c of '222'.,376,"""remote_object_all""",222,TRUE,2
Could not find Org__c with the ExternalId__c of '284'.,377,"""todotest""",284,TRUE,4
Could not find Org__c with the ExternalId__c of '358'.,378,"""page""",358,TRUE,1
Could not find Org__c with the ExternalId__c of '358'.,379,"""remote_objects""",358,TRUE,1
Could not find Org__c with the ExternalId__c of '82'.,380,"""testname""",82,TRUE,1
Could not find Org__c with the ExternalId__c of '358'.,381,"""todo""",358,TRUE,1
Could not find Org__c with the ExternalId__c of '359'.,382,"""famousone""",359,TRUE,2
Could not find Org__c with the ExternalId__c of '359'.,383,"""one""",359,TRUE,3
Could not find Org__c with the ExternalId__c of '284'.,384,"""one""",284,TRUE,2
Could not find Org__c with the ExternalId__c of '284'.,385,"""todoalex""",284,TRUE,2
Could not find Org__c with the ExternalId__c of '360'.,386,"""3vot-is-fast""",360,TRUE,8
Could not find Org__c with the ExternalId__c of '163'.,387,"""3vot-is-fast""",163,TRUE,1
Could not find Org__c with the ExternalId__c of '354'.,388,"""calls""",354,TRUE,6
Could not find Org__c with the ExternalId__c of '229'.,389,"""cenfoclock""",229,TRUE,10
Could not find Org__c with the ExternalId__c of '229'.,390,"""cenfoclient""",229,TRUE,30
Could not find Org__c with the ExternalId__c of '364'.,391,"""cenfotecform""",364,TRUE,15
Could not find Org__c with the ExternalId__c of '163'.,392,"""debt2""",163,TRUE,24
Could not find Org__c with the ExternalId__c of '365'.,393,"""todo""",365,TRUE,3
Could not find Org__c with the ExternalId__c of '364'.,394,"""cenfoclock""",364,TRUE,4
Could not find Org__c with the ExternalId__c of '163'.,395,"""users""",163,TRUE,1
Could not find Org__c with the ExternalId__c of '364'.,396,"""cenfoclient""",364,TRUE,10
Could not find Org__c with the ExternalId__c of '367'.,397,"""todo""",367,TRUE,1
Could not find Org__c with the ExternalId__c of '367'.,398,"""page""",367,TRUE,1
Could not find Org__c with the ExternalId__c of '218'.,399,"""architect-view-clay""",218,TRUE,8
Could not find Org__c with the ExternalId__c of '82'.,400,"""users""",82,TRUE,2
Could not find Org__c with the ExternalId__c of '229'.,401,"""cenfoclientmoya""",229,TRUE,7
Could not find Org__c with the ExternalId__c of '218'.,402,"""architect-view""",218,TRUE,6
Could not find Org__c with the ExternalId__c of '82'.,403,"""heroku-connect-rodco-test""",82,TRUE,3
Could not find Org__c with the ExternalId__c of '82'.,404,"""emails""",82,TRUE,12
Could not find Org__c with the ExternalId__c of '82'.,405,"""plunge""",82,TRUE,1
Could not find Org__c with the ExternalId__c of '222'.,406,"""calls""",222,TRUE,1
Could not find Org__c with the ExternalId__c of '364'.,407,"""post""",364,TRUE,2
Could not find Org__c with the ExternalId__c of '218'.,408,"""clay-intro""",218,TRUE,13
Could not find Org__c with the ExternalId__c of '218'.,409,"""calls""",218,TRUE,1
Could not find Org__c with the ExternalId__c of '364'.,410,"""programa_curso_interfaces_usuario""",364,TRUE,22
Could not find Org__c with the ExternalId__c of '222'.,411,"""clay_calls""",222,TRUE,3
Could not find Org__c with the ExternalId__c of '222'.,412,"""opp_watcher""",222,TRUE,19
Could not find Org__c with the ExternalId__c of '218'.,413,"""demo""",218,TRUE,6
Could not find Org__c with the ExternalId__c of '229'.,414,"""hackatonvideo""",229,TRUE,2
Could not find Org__c with the ExternalId__c of '229'.,415,"""rodco-success""",229,TRUE,2
Could not find Org__c with the ExternalId__c of '222'.,416,"""demo""",222,TRUE,3
Could not find Org__c with the ExternalId__c of '375'.,417,"""opp_watcher""",375,TRUE,1
Could not find Org__c with the ExternalId__c of '229'.,418,"""rodco-clay""",229,TRUE,3
Could not find Org__c with the ExternalId__c of '82'.,419,"""profile""",82,TRUE,3
Could not find Org__c with the ExternalId__c of '377'.,420,"""profile""",377,TRUE,8
Could not find Org__c with the ExternalId__c of '377'.,421,"""profile-a""",377,TRUE,4
Could not find Org__c with the ExternalId__c of '82'.,422,"""rodco-clay""",82,TRUE,4
Could not find Org__c with the ExternalId__c of '377'.,423,"""sekresponse""",377,TRUE,8
Could not find Org__c with the ExternalId__c of '377'.,424,"""sekscreen""",377,TRUE,13
Could not find Org__c with the ExternalId__c of '364'.,425,"""a3-erp""",364,TRUE,4
Could not find Org__c with the ExternalId__c of '377'.,426,"""a3-erp""",377,TRUE,1
Could not find Org__c with the ExternalId__c of '377'.,427,"""post""",377,TRUE,6
Could not find Org__c with the ExternalId__c of '229'.,428,"""post""",229,TRUE,2
Could not find Org__c with the ExternalId__c of '387'.,429,"""profile""",387,TRUE,4
Could not find Org__c with the ExternalId__c of '396'.,430,"""profile""",396,TRUE,2
Could not find Org__c with the ExternalId__c of '393'.,431,"""profile""",393,TRUE,2
Could not find Org__c with the ExternalId__c of '386'.,432,"""profile""",386,TRUE,2
Could not find Org__c with the ExternalId__c of '388'.,433,"""profile""",388,TRUE,5
Could not find Org__c with the ExternalId__c of '400'.,434,"""perfil""",400,TRUE,4
Could not find Org__c with the ExternalId__c of '401'.,435,"""ras_arratao""",401,TRUE,5
Could not find Org__c with the ExternalId__c of '397'.,436,"""fran""",397,TRUE,3
Could not find Org__c with the ExternalId__c of '395'.,437,"""kari""",395,TRUE,2
Could not find Org__c with the ExternalId__c of '399'.,438,"""lol""",399,TRUE,2
Could not find Org__c with the ExternalId__c of '402'.,439,"""geovanny""",402,TRUE,3
Could not find Org__c with the ExternalId__c of '377'.,440,"""postgrupo1""",377,TRUE,2
Could not find Org__c with the ExternalId__c of '403'.,441,"""profile-a""",403,TRUE,2
Could not find Org__c with the ExternalId__c of '229'.,442,"""profile-a""",229,TRUE,2
Could not find Org__c with the ExternalId__c of '32'.,443,"""profile-a""",32,TRUE,2
Could not find Org__c with the ExternalId__c of '364'.,444,"""landing-apps""",364,TRUE,8
Could not find Org__c with the ExternalId__c of '222'.,445,"""rodco-clay""",222,TRUE,3
Could not find Org__c with the ExternalId__c of '82'.,446,"""cliente_plus""",82,TRUE,2
Could not find Org__c with the ExternalId__c of '366'.,447,"""itsupport""",366,TRUE,3
Could not find Org__c with the ExternalId__c of '222'.,448,"""landing-apps1""",222,TRUE,27
Could not find Org__c with the ExternalId__c of '222'.,449,"""landing-apps2""",222,TRUE,46
Could not find Org__c with the ExternalId__c of '377'.,450,"""itsupport""",377,TRUE,1
Could not find Org__c with the ExternalId__c of '82'.,451,"""itsupport""",82,TRUE,2
Could not find Org__c with the ExternalId__c of '364'.,452,"""landingclay""",364,TRUE,11
Could not find Org__c with the ExternalId__c of '222'.,453,"""landingclay""",222,TRUE,7
Could not find Org__c with the ExternalId__c of '222'.,454,"""sf1fields""",222,TRUE,51
Could not find Org__c with the ExternalId__c of '364'.,455,"""barocle""",364,TRUE,3
Could not find Org__c with the ExternalId__c of '222'.,456,"""sfafields""",222,TRUE,15
Could not find Org__c with the ExternalId__c of '364'.,457,"""3votlanding-apps""",364,TRUE,3
Could not find Org__c with the ExternalId__c of '366'.,458,"""sketchv3""",366,TRUE,15
Could not find Org__c with the ExternalId__c of '421'.,459,"""sfcdemo1""",421,TRUE,2
Could not find Org__c with the ExternalId__c of '364'.,460,"""clayparallax""",364,TRUE,2
Could not find Org__c with the ExternalId__c of '422'.,461,"""adthome""",422,TRUE,7
Could not find Org__c with the ExternalId__c of '422'.,462,"""adtcase""",422,TRUE,5
Could not find Org__c with the ExternalId__c of '423'.,463,"""sfcapp""",423,TRUE,47
Could not find Org__c with the ExternalId__c of '422'.,464,"""adtvacation""",422,TRUE,1
Could not find Org__c with the ExternalId__c of '364'.,465,"""3votcom""",364,TRUE,2
Could not find Org__c with the ExternalId__c of '364'.,466,"""claycom""",364,TRUE,6
Could not find Org__c with the ExternalId__c of '422'.,467,"""adt_config""",422,TRUE,1
Could not find Org__c with the ExternalId__c of '424'.,468,"""test""",424,TRUE,1
Could not find Org__c with the ExternalId__c of '424'.,469,"""damages""",424,TRUE,8
Could not find Org__c with the ExternalId__c of '423'.,470,"""damages""",423,TRUE,1
Could not find Org__c with the ExternalId__c of '422'.,471,"""adthere""",422,TRUE,11
Could not find Org__c with the ExternalId__c of '425'.,472,"""pickme""",425,TRUE,3
Could not find Org__c with the ExternalId__c of '426'.,473,"""orderme""",426,TRUE,4
Could not find Org__c with the ExternalId__c of '364'.,474,"""checklistredaccion""",364,TRUE,5
Could not find Org__c with the ExternalId__c of '422'.,475,"""demo2""",422,TRUE,5
Could not find Org__c with the ExternalId__c of '422'.,476,"""demo3""",422,TRUE,1
Could not find Org__c with the ExternalId__c of '422'.,477,"""demo5""",422,TRUE,1
Could not find Org__c with the ExternalId__c of '422'.,478,"""demo1""",422,TRUE,2
Could not find Org__c with the ExternalId__c of '222'.,479,"""blank""",222,TRUE,1
Could not find Org__c with the ExternalId__c of '163'.,480,"""elections_map""",163,TRUE,56
Could not find Org__c with the ExternalId__c of '418'.,481,"""sketchv3""",418,TRUE,2
Could not find Org__c with the ExternalId__c of '229'.,482,"""test_leaflet""",229,TRUE,3
Could not find Org__c with the ExternalId__c of '222'.,483,"""sfdemo""",222,TRUE,8
Could not find Org__c with the ExternalId__c of '426'.,484,"""sfdemo""",426,TRUE,3
Could not find Org__c with the ExternalId__c of '229'.,485,"""page""",229,TRUE,1
Could not find Org__c with the ExternalId__c of '428'.,486,"""cuentas_por_pagar_test""",428,TRUE,2
Could not find Org__c with the ExternalId__c of '424'.,487,"""sfdemo""",424,TRUE,37
Could not find Org__c with the ExternalId__c of '429'.,488,"""page""",429,TRUE,1
Could not find Org__c with the ExternalId__c of '430'.,489,"""page""",430,TRUE,1
Could not find Org__c with the ExternalId__c of '163'.,490,"""sfdemo""",163,TRUE,1
Could not find Org__c with the ExternalId__c of '424'.,491,"""sfdemo_small""",424,TRUE,3
Could not find Org__c with the ExternalId__c of '222'.,492,"""sfdemo_small""",222,TRUE,2
Could not find Org__c with the ExternalId__c of '366'.,493,"""variation_viewer""",366,TRUE,2
